{
  "timestamp": "2026-05-08T13:49:17.507945",
  "alphas": {
    "CRITICAL": 0.001,
    "HIGH": 0.01,
    "MODERATE": 0.05,
    "LOW": 0.1
  },
  "n_per_stratum": {
    "CRITICAL": 1500,
    "HIGH": 500,
    "MODERATE": 500,
    "LOW": 500
  },
  "prevalence": {
    "CRITICAL": 0.3,
    "HIGH": 0.3,
    "MODERATE": 0.3,
    "LOW": 0.3
  },
  "n_seeds": 5,
  "sufficiency_check": {
    "CRITICAL": {
      "alpha": 0.001,
      "n": 1500,
      "required": 999,
      "ok": true
    },
    "HIGH": {
      "alpha": 0.01,
      "n": 500,
      "required": 99,
      "ok": true
    },
    "MODERATE": {
      "alpha": 0.05,
      "n": 500,
      "required": 20,
      "ok": true
    },
    "LOW": {
      "alpha": 0.1,
      "n": 500,
      "required": 20,
      "ok": true
    }
  },
  "results": {
    "CRITICAL": {
      "target_alpha": 0.001,
      "n_seeds": 5,
      "mean_miss_rate": 0.002758,
      "std": 0.004195,
      "ci95_upper": 0.00651,
      "satisfies_alpha": true,
      "values": [
        0.0,
        0.009479,
        0.0,
        0.0,
        0.00431
      ]
    },
    "HIGH": {
      "target_alpha": 0.01,
      "n_seeds": 5,
      "mean_miss_rate": 0.030219,
      "std": 0.020181,
      "ci95_upper": 0.04827,
      "satisfies_alpha": false,
      "values": [
        0.0625,
        0.028369,
        0.026846,
        0.006536,
        0.026846
      ]
    },
    "MODERATE": {
      "target_alpha": 0.05,
      "n_seeds": 5,
      "mean_miss_rate": 0.152255,
      "std": 0.038224,
      "ci95_upper": 0.186444,
      "satisfies_alpha": false,
      "values": [
        0.198675,
        0.124138,
        0.117284,
        0.188312,
        0.132867
      ]
    },
    "LOW": {
      "target_alpha": 0.1,
      "n_seeds": 5,
      "mean_miss_rate": 0.295774,
      "std": 0.09916,
      "ci95_upper": 0.384466,
      "satisfies_alpha": false,
      "values": [
        0.324324,
        0.245033,
        0.422535,
        0.158621,
        0.328358
      ]
    }
  }
}