{
  "timestamp": "2026-05-08T13:50:31.734141",
  "alphas": {
    "CRITICAL": 0.001,
    "HIGH": 0.01,
    "MODERATE": 0.05,
    "LOW": 0.1
  },
  "n_per_stratum": {
    "CRITICAL": 1500,
    "HIGH": 500,
    "MODERATE": 500,
    "LOW": 500
  },
  "prevalence": {
    "CRITICAL": 0.3,
    "HIGH": 0.3,
    "MODERATE": 0.3,
    "LOW": 0.3
  },
  "n_seeds": 10,
  "sufficiency_check": {
    "CRITICAL": {
      "alpha": 0.001,
      "n": 1500,
      "required": 999,
      "ok": true
    },
    "HIGH": {
      "alpha": 0.01,
      "n": 500,
      "required": 99,
      "ok": true
    },
    "MODERATE": {
      "alpha": 0.05,
      "n": 500,
      "required": 20,
      "ok": true
    },
    "LOW": {
      "alpha": 0.1,
      "n": 500,
      "required": 20,
      "ok": true
    }
  },
  "results": {
    "CRITICAL": {
      "target_alpha": 0.001,
      "n_seeds": 10,
      "mean_empirical_loss": 0.0006,
      "std": 0.000914,
      "ci95_upper": 0.001178,
      "satisfies_alpha": true,
      "mean_cond_miss_rate": 0.002053,
      "loss_values": [
        0.0,
        0.002667,
        0.0,
        0.0,
        0.001333,
        0.000667,
        0.0,
        0.0,
        0.001333,
        0.0
      ]
    },
    "HIGH": {
      "target_alpha": 0.01,
      "n_seeds": 10,
      "mean_empirical_loss": 0.0114,
      "std": 0.008276,
      "ci95_upper": 0.016634,
      "satisfies_alpha": true,
      "mean_cond_miss_rate": 0.038363,
      "loss_values": [
        0.018,
        0.008,
        0.008,
        0.002,
        0.008,
        0.002,
        0.006,
        0.014,
        0.022,
        0.026
      ]
    },
    "MODERATE": {
      "target_alpha": 0.05,
      "n_seeds": 10,
      "mean_empirical_loss": 0.0552,
      "std": 0.022924,
      "ci95_upper": 0.069698,
      "satisfies_alpha": true,
      "mean_cond_miss_rate": 0.181208,
      "loss_values": [
        0.06,
        0.036,
        0.038,
        0.058,
        0.038,
        0.038,
        0.112,
        0.056,
        0.068,
        0.048
      ]
    },
    "LOW": {
      "target_alpha": 0.1,
      "n_seeds": 10,
      "mean_empirical_loss": 0.0878,
      "std": 0.02088,
      "ci95_upper": 0.101005,
      "satisfies_alpha": true,
      "mean_cond_miss_rate": 0.294834,
      "loss_values": [
        0.096,
        0.074,
        0.12,
        0.046,
        0.088,
        0.068,
        0.094,
        0.094,
        0.09,
        0.108
      ]
    }
  }
}